Content,Type
teach student differ poros permeabl two properti soil rock relat better way understand differ poros permeabl hands-on lab… tell differ reptil amphibian challeng afteral ectotherm vertebr anim key differ reptil vs amphibian use tell apart lungs… studi soil scienc garden agricultur student probabl learn soil mixtur sediment organ matter differ soil differ amount two ingredi soil ’ organ matter content… “ jar test ” great classroom shake soil water jar watch grain settl time larger grain settl faster smaller grain studi anim adapt class noth quit like camouflag lab learn first-hand conceal color help anim avoid eaten predat lab activ simpl effect showing… get readi lot new wild earth lab spring plu ’ got need prepar april solar eclips read learn recent releas unit free resourc ’ put togeth a… reptil cool group critter – cold-blood part bigger categori anim call vertebr mean backbon seven differ group class vertebrates… camouflag adapt help anim disguis appear mani type camouflag camouflag may help anim blend background look like someth ined toxic mani prey anim use camouflag protect from… know earth orbit sun moon orbit earth everi sun moon earth line someth special happen solar eclips happen moon passes… solar eclips happen live make simpl solar eclips viewer household materi look directli sun damag eye howev view solar eclips use homemad eclipse… plan sun unit star lesson plan semest tri star sun activ idea class 1 diy sundial diy sundial – use sun tell time creat sundial.… know earth orbit sun moon orbit earth everi sun moon earth line someth special happen solar eclips happen moon passes…,Science&Education
educ educ oldest trust web publish platform teacher student 5 million blog count sinc 2005 share collabor build learn use easi invit code class manag tool get start importantli ’ free content filter moder option multipl privaci tool keep everyon safe leav privat teacher feedback easili emb video work build commun ’ built platform top wordpress also power 1/3rd internet blog websit portfolio network more… edublog meant individu teacher campuspress design entir school district univers come great easi blog featur tool run wordpress busi wpmu dev host tool plugin support need wpmu dev ’ all-in-on platform make easi anyon creat manag sell wordpress site start free trial today absolut use free blog tool long ’ like ad gotcha anyth like control access content see privaci guid inform use class manag tool group monitor student leav privat feedback student work ’ ad ton featur theme plugin gear educ plu larg commun educ student ’ find anywher els yep ’ like purchas 5 pro licens look ‘ bulk upgrad ’ link dashboard inform campuspress network submit theme ad complet thorough code review keep everyth safe reliabl sure make easi bring exist blog major servic also export content take time 64.4k like 41.5k follow 8.2k monthli view plu round-up best blog post written fellow educ school deserv better websit help afford access easy-to-upd websit school district quick link campuspress theedublogg help support compani contact work us « go back regist account » creat site » go dashboard thank,Science&Education
depart a-z research research group research programm impact work paper seri event cambridg journal educ page list real centr blog written staff student partner includ blog curat part seri reflect impact covid-19 pandem research work intern educ develop research polici paper well report found public page asma zubairi paulin rose monazza aslam romanshi gupta shenila rawal catherin jere participatori method 22 januari 2024 blog present stori out-of-school marginalis adolesc girl kenya ghana nepal took part girl educ challeng project promot agenc life choic livelihood journey stori gather use river life visual story-tel approach read full blog post laila kadiw mario novelli paulin rose jee rubin yusuf say maha shuayb arathi sriprakash baic 17 decemb 2023 ukfiet 18 januari 2024 blog highlight implic academ scholarli silenc inact provid five clear recommend intern academ solidar read full blog post samuel asar paulin essah ukfiet 14 decemb 2023 blog discuss research prioriti profession develop need earli childhood develop foundat learn research africa draw data collect africa-bas research read full blog post tebej molla dawit tibebu tiruneh convers 23 novemb 2023 ethiopia ’ secondari educ sector crisi hundr thousand children continu complet primari school without grasp fundament literaci numeraci second consecut year 96 student particip nation school leav examin score less mark requir pass time act sens urgenc purpos read full blog post hélène biness rui da silva ukfiet 9 novemb 2023 french version norrag 23 novemb 2023 extent african research publish foundat literaci numberaci blog conclud research languag english support ensur divers equit particip read full blog post basirat razaq-shuaib norrag 2 novemb 2023 blog present poem basirat deliv 2023 ukfiet confer poem draw attent non-prioritis children disabl educ reform agenda read full blog post daniel hawkin iddrisu ukfiet 24 octob 2023 blog focus map sub-saharan african-bas ecd research research aim understand landscap ecd research challeng opportun avail ensur visibl applic locally-l evid inform polici plan practic africa read full blog post tassew woldehanna chani ejigu berhi rise programm 24 octob 2023,Science&Education
issu date 09-06-2019 blog wide use individu busi inform post onlin instruct potenti blog increasingli acknowledg blog use group discuss peer review collabor project blog subject engag simpli read blog give student opportun speak ‘ uniqu voic ’ student practic commun convers skill comment other ’ post repli other ’ feedback blog blog also help student courteou thought blog develop student ’ analyt think increas learn higher level mere “ understand ” `` rememb ” instruct materi thought written student need analyz subject clarifi thought subject need care formul stand opinion blog encourag student contempl opinion might interpret reflect upon other blog facilit creativ express develop origin content layout blog student creativ term custom theme select relev imag video design layout visual platform student express blog turn learn fun process blog involv lot write howev improv write skill ’ come automat instructor need give explicit direct begin project far step-by-step direct blog authent support opinion well commun expect learner ask student start comment subject instructor need develop clear guidelin expect student accept blog polici list instructor ’ point view blog use profession develop promot exchang teach experi idea transform educ addit instructor ’ abl share find free softwar educ tool edublog use instruct resourc teacher post tip explan sampl help student learn blogger free rel easi use setup upgrad fee tag assess assign © 2024 nova southeastern univers 3300 s. univers drive fort lauderdal fl 33328-2004 800-541-6682 contact us use site privaci polici gdpr privaci notic ada polici,Science&Education
bera member receiv access bera journal latest digit issu research intellig abl join commun receiv member discount book event blog establish 2015 provid research inform content key educ issu access manner aim produc promot articl attract academ policymak parent teacher educ leader member school commun politician anyon interest educ today blog edit small team combin academ repres chosen bera ’ public committe bera offic content approv public one team howev view author view express blog offici view bera bera blog newslett monthli round-up blog post latest special issu seri bera bite well featur blog post select lead editor sign newslett special issu bera blog collect six eight articl includ editori particular theme 30 special issu publish date find collect divers rang topic relat educ research special issu led guest editor respons commiss collat blog post write editori click read bera blog seri ongo collect blog post relat particular topic theme educ research seri care curat blog ’ editori team post ad seri time click read bera bite seri present select articl bera blog key topic educ present easili printabl digest format serv teach learn resourc student profession educ collect featur introduct editor expertis field articl includ question discuss compos author prompt reader explor idea argument put forward origin articl click read blog use googl analyt use ‘ cooki technolog ’ provid us statist inform sub-sit bera.ac.uk use ask email address want submit articl make complaint howev give us email address ’ made public share anyon whether written us previous regular reader would welcom feedback bera blog would like share thought exist content topic would interest read experi write us suggest improv blog pleas complet form professor education/research degre leader univers east london,Science&Education
big idea grow mind featur stori websit use cooki brows page agre term use,Science&Education
abigail malat staff illustr insid scienc reach end decades-long journey showcas scienc behind discoveri headlin insid scienc editori independ news servic american institut physic © 2022 american institut physic insid scienc contact us privaci polici reprint right,Science&Education
sinc earli human first tend fire sharpen spear ’ sought appli knowledg shape natur world suit need chronicl promis pitfal basic human drive present day manifest – robot ai nanotechnolog materi devic transport engin manmad disast acoust societi america american physic societi american meteorolog societi biophys societi av scienc technolog materi interfac process insid scienc editori independ news servic american institut physic © 2022 american institut physic insid scienc contact us privaci polici reprint right,Science&Education
trust busi builder worldwid hubspot blog number-on sourc educ inspir resourc idea put modern market ahead curv strategi help elev sale effort everyth need deliv top-notch custom servic tutori how-to help build better websit essenti daili read thing ai busi hubspot 's handcraft email newslett tuck one place irrever insight take busi tech deliv inbox data-back busi trend research insight industri analys busi builder deliv weekli new insight oper wisdom keep market leader ahead curv tip tactic strategi experienc sale rep help make presid 's club brows collect educ show video youtub unriv storytel video format subscrib littl revel across busi tech learn market strategi skill straight hubspot expert come brainstorm busi idea sam shaan legend game watch two cerebr cmo tackl strategi tactic trend everyth need know build busi hubspot hubspot podcast network destin busi profession seek best educ grow busi week host sam parr shaan puri explor new busi idea base trend opportun market redefin success mean find joy eas peac pursuit goal daili dose irrever offbeat inform take busi tech news week anoth bite break latest greatest pitch shark tank build busi far fast success hubspot cmo kipp bodnar zapier cmo kieran flanagan share 's happen market 's ahead expand knowledg take control career in-depth guid lesson tool learn get certifi latest busi trend lead expert interact document spreadsheet custom busi 's need in-depth guid dozen topic pertain market sale custom servic industri multi-us content bundl one download inform empow team custom asset better brand strategi insight hubspot 's market sale custom servic cm oper commerc softwar one platform see price market autom softwar free premium plan sale crm softwar free premium plan custom servic softwar free premium plan content market softwar free premium plan oper softwar free premium plan b2b commerc softwar free premium plan tri anoth search 'll give best shot updat februari 01 2017 publish april 17 2014 teach.com recent came teach100 rank score hundr educ blog across web blog score four compon,Science&Education
explor am store montessori-inspir apparel drinkwar suppli elev montessori journey us today known individu pace learn foster independ montessori method encourag empathi passion social justic joy lifelong learn join us person onlin high-qual profession develop event support work montessori educ aspir educ offici home american montessori societi 's blog quarterli magazin montessori educ valu develop whole child—phys social emot cognit american montessori societi lead member advocaci organ research forum resourc collabor global commun montessori educ research librari contain comprehens array montessori-rel research montessori life offici blog magazin american montessori societi montessori life blog go-to resourc teacher teacher train administr famili everyon interest stay date hot topic educ montessori philosophi equiti montessori life print member benefit fill montessori news long-form articl deliv four time year member also receiv access 10-year digit magazin archiv becom member today receiv subscript year gener contribut three am scholarship fund am teacher educ scholarship provid current aspir montessori teacher support profession growth learn two 2023 2024 recipi appli 2024-2025 year dr. michael jame dorer former am board presid belov storytel pass away februari 6 2024 age 76 honor memori storytel visionari follow 3 year tremend hardship potato blossom school continu educ student collabor commun februari 2024 alin wolf author co-found penn-mont academi pass away age 95 fondli rememb focu nurtur human spirit dedic establish last peac innumer contribut world montessori 4,000 educ across globe gather virtual person orlando montessori event 2024 dynam 4 day attende heard 275 inspir keynot speaker attend 170+ engag session discov new resourc offer 120 vendor onlin in-person exhibit hall much check year ’ highlight dive fusion scienc spiritu servic montessori pedagogi maati wafford explor action research embodi role scientist saint servant guid liberatori conscious new am curriculum coach academi facilit mandi franz share detail key benefit program journey curriculum coach career explor resourc tip incorpor april 2024 total solar eclips montessori cosmic curricula level",Science&Education
teach topic without specif train challeng mani teacher avoid well-establish yet cultur controversi area scienc avoid conflict 33 high school biolog teacher fail unequivoc acknowledg scientif consensu evolut 40 middl high school teacher teach climat chang inaccur support teacher program provid free lesson set help student overcom common misconcept climat chang evolut natur scienc 4649 lesson set download click find latest news evolut climat chang educ state find make grade research report assess treatment climat chang everi state 's scienc standard continu garner media attent gift ensur peopl opportun engag evid give citizen tomorrow tool need take action 230 grand avenu suit 101 oakland ca 94610 subscrib newslett latest news event resourc ncse ncse 501 c 3 tax-exempt organ ein 11-2656357 © copyright nation center scienc educ privaci polici disclaim disclosur requir state law,Science&Education
countless excel resourc data scienc littl overwhelm know start articl list use blog websit everyone—from data scienc expert complet newbi addit offer advic learn resourc list data scienc blog also full websit keep inform current news trend opinion profession ’ get start want learn littl subject also check list best book data scienc beginn link run vincent granvil websit link datasciencecentral.com data scienc central exactli name suggest act onlin resourc hub everyth relat data scienc big data site cover wide array data scienc topic regard analyt technolog tool data visual code job opportun industri expert contribut discuss insight key topic site updat frequent nearli two blog post day contribut writer also offer commun forum discuss question run social media today websit link smartdatacollective.com smartdata collect commun site focus trend busi intellig data manag similar data scienc central also featur insight data scienc contribut industri expert data scienc central focus directli data scienc whole smartdata collect look wider field data scienc intersect busi run gil press websit link whatsthebigdata.com 's big data take differ approach data scienc focus impact big data ’ growth digit behemoth today blog ’ founder gil press intim familiar big data data scienc spent career data research run consult practic blog press explor big data interact live impact everyth technolog busi govern polici provid sourc news commentari sphere data,Science&Education
creat clear boundari around student submit assign due date boost moral everyon end term approach educ social media full imag commentari sheer amount grade come way imag monstrou wave exhaust teacher grasp larg cup coffe stress palpabl make better everyon includ teacher student famili case coordin everyon els struggl end term educ want consider fact student yet acquir excel manag skill also need protect mental health teach student respons come complet assign turn work year back high school world languag class wonder group students—but get work challeng good day one particularli exhaust end term receiv monument amount late work flatli said “ ’ ” shockingli agre gave class 30 minut discuss class thought could fair polici requir simpl 1 simplic polici easi manag teacher 2 account ’ free-for-al account could easili write separ articl student design class polici differ time student came propos assess final deadlin homework classwork accept full credit assessment—then accept also count retak correct activ smaller assess 55 percent rule student larg major assign assess get less 55 percent assess give student incent get work done make arrang teacher keep track unlik student major assign relat assess get 55 percent howev happen know polici place help student get 55 percent done larg major work forc educ consid caus student similar troubl assess reflect work done class student outlier perhap simpli rough day happen,Science&Education
explor insight trend research impact teach learn lead august 22 2023 pearson 3.5 million nurs around countri current provid varieti essenti healthcar servic spend hour patient profess industri accord american associ colleg nurs aacn ’ essenti nurs solid foundat knowledg field develop strong sens confid sustain throughout career nurs linchpin american healthcar system expert predict system could break babi boomer gener age requir care nurs program experienc faculti shortag restrict number student admit year nurs pull mani differ direct burn leav profess histor rate accord report nation council state board nurs ncsbn nurs educ provid foundat learn experi help nurs thrive addit incorpor concept-bas learn curriculum prepar nurs student challeng clinic environ anoth import way facilit critic growth nurs profess support role student-teach relationship play promot posit learn outcom strong retent rate regardless level difficulti subject matter cover truli effect teacher one connect student meaning way student-teach relationship especi influenti nurs educ program inform complex mistak cost live nurs educ tammi vant hul riversid citi colleg phd msn rn acnp cne say build sens trust instructor student crucial “ think help student work idea thing can\ put money patient go chang time walk morn environ work chang almost weekli ” student-teach connect nurs educ describ “ place possibl ” mari gillespi professor critic care nurs british columbia institut technolog “ qualiti inher essenc connect — know trust respect mutual — creat transform space student affirm gain insight potenti grow toward fulfil person profession capac ” write journal advanc nurs research conclud nurs educ provid support teach context dramat alter nurs student ’ approach learn inspir engag deepli materi becom activ enthusiast learner posit learn environ also shown bolster resili nurs student key factor achiev academ success profession longev field,Science&Education
new reader brand monitor blogger outreach influenc market combin newslett embedd rss widget rss combinerbeta newsbeta select page 100 best educ blog follow 2024 san francisco california usmindshift explor futur learn dimens cover cultur technolog trend groundbreak research innov e ... ducat kqed everyon want televis radio digit media educ servic chang live better help individu commun achiev full potential.mor kqed.org/mindshift rss 868.3k 447.5k 1.7k 4 post week aug 2010 90 get email contact idea brand dedic innov k-12 educ teachthought blog dedic thought leadership develop learn mode ... ls framework creat transpar new possibl teach learn modern circumstances.mor teachthought.com rss 126.4k 174k 4.7k 1 post week 69 get email contact usat elearn industri find best collect elearn articl elearn concept elearn softwar elearn resourc ... largest onlin commun elearn profession industri creat first foremost knowledge-shar platform help elearn profession instruct design connect safe onlin community.mor elearningindustry.com rss 389.2k 129.2k 3 post day 77 get email contact austin texa usweareteach onlin commun educ commit one toughest reward job mission promot innovati ... educ collabor connect effect classroom resources.mor weareteachers.com rss 1.8m 641.8k 598.9k 5 post day 75 get email contact brooklyn new york usat intersect learn media futur work join us week sens discov futur learn head trendingineducatio .. rss 1.1k 1 post week mar 2017 17 get email contact teacher pay teacher world 's first open marketplac educ buy sell share origin resourc mission empow ed ... ucat share origin educ materi make teach even reward experience.mor blog.teacherspayt .. rss 954.4k 621.7k 2 post week 79 get email contact washington district columbia usinsid higher ed onlin sourc news opinion job higher educ whether 're adjunct vice presid gra ... student emin grise 've got need thrive job find better one.mor insidehighered.com rss 123.8k 244.9k 8 post day 86 get email contact london england uklatest teacher network news comment analysi guardian world 's lead liber voic blog written teacher ... teacher expert world education.mor theguardian.com/t .. rss 20.9k 173.5k 1 post day 95 get email contact,Science&Education
roboticsadvanc math pleas enter name pleas enter email -- -select child age -- -789101112131415abov 15 year no/littl knowledgefair knowledg schedul free class session date april 5th 2021april 13th 2021april 19th 2021april 27th 2021 pleas select date session time pleas select time continu δ updat articl last updat 17 octob 2023 reflect accuraci up-to-d inform page imag sourc pinterest quot emphas import point wisdom taught school acquir life experi parent teacher children tend ignor quot anoth connot impli continu learn someth requir success field wonder possibl whether learn school suffici els get knowledg experi first apart school educ give child necessari support train gain hands-on experi develop social commun creativ entrepreneuri skill great way help acquir knowledg becom future-readi second child spend enough time read indic might abl benefit educ offer report 2020 guardian state children read less ever imag sourc wordsrat read book may becom old concept today ’ children inclin toward get inform internet henc blog fantast underr method provid learn stay date differ topic written expert updat frequent blog read great exercis child keep updat get varieti opinion consum inform short amount time parent encourag child read inform blog learn thing concept accord 2018 hubspot survey 60 peopl read blog learn someth new keep industri trend question blog read plethora educ blog resourc avail onlin find read right one fret ’ list 10 best educ blog research moonpreneur team read learn 2023 offici blog us depart educ excel resourc get insight activ variou school program also allow discuss educ innov reform websit visit follow twitter facebook recommend post 8 thing know feder work-studi mindshift part kqed new offer insight futur learn teach method evolv meet need today ’ student also provid advic rais children success life audienc made educ parent lifelong learner websit visit,Science&Education
cart empti tax ship rate calcul checkout derek miller 5 min read day age ’ often glu phone comput screen find entertain procrastin pass time often get lost content make us feel ’ done noth product find stuck situat look ’ compil list best biolog blog sure keep entertain also educ current trend breakthrough biolog world link necessari detail blog found scroll enjoy slogan “ brain fun curiou peopl ” certainli disappoint stori video podcast answer biolog question never thought need answer ’ sure find articl tickl fanci first pick would dream octopus dream listen weekli updat podcast undiscov scienc diction follow instagram scifri full fun fact trivia http //www.sciencefriday.com/ love stay up-to-d ecolog cancer biolog go-to blog around ten post upload day ’ sure get daili fill ’ new ’ cool biolog world visit twitter elif stay loop along 76k+ follow http //elifesciences.org/ miss ’ check nake scientist ’ biolog articl podcast contrari name blog launch dr. chri smith drchrissmith 2001 actual dress biolog concept highly-entertain knowledge-pack piec sure catch attent starter check articl shrimp-inspir camera see cancer cell follow creator small welcom commun instagram nakedscientist much larger profil facebook http //www.thenakedscientists.com/ get inspir ibiolog post highlight find discoveri use read also journey behind ibiolog pride provid us reader open access think process biolog ’ lead scientist collect video rang basic mendelian genet profession develop cours aspir profession http //www.ibiology.org/ best known youtub channel discuss high school level biolog concept amoeba sister voic sarina peterson brianna rapini creat content one million subscrib cute comic inform video break even confus process dna replic term children easili understand upload video month post entertain mini-com instagram tiktok http //www.amoebasisters.com/,Science&Education
key compon arctic ice project ’ work collabor top intern scientist research organ technic public – leverag intern resourc provid expert feedback work peer-review scientif articl present work key arctic climate-ori journal confer openli share find earth ’ futur 6 6 882-901 2018 l. field d. ivanova s. bhattacharyya v. mlaker a. sholtz r. decca a. manzara d. johnson e. christodoul p. walter k. katuri arctic circl journal 2021 l. field a. strawa arctic ice project white page april 2021 steven zornetz anthoni strawa timothi player develop appropri framework climat restor solut la field eb sparrow r parnel sholtz e dodd bhattacharyya … agu fall meet 2020 evalu restor arctic ice reflect safeti efficaci reduc climat chang impact la field sholtz p hirtzer chamberlin player ivanova … agu fall meet abstract 2020 gc049-04 vet climat restor technolog use climat model impact assess case studi impact artifici increas arctic sea ice albedo midlatitud … bhattacharyya ivanova la field agu fall meet abstract 2020 gc048-07 local artifici enhanc sea ice albedo arctic help restor arctic sea ice climat ivanova bhattacharyya la field v mlaker aw strawa sholtz agu fall meet abstract 2020 gc039-0010 materi design consider hollow glass microspher albedo enhanc arctic ice chamberlin p hirtzer sholtz player la field agu fall meet abstract 2020 gc039-0005 local artifici enhanc sea ice albedo arctic help restor arctic sea ice climat ivanova bhattacharyya la field v mlaker aw strawa sholtz agu fall meet abstract 2020 gc039-0010 “ first harm ” approach restor arctic albedo l field sholtz earth space scienc open archiv essoar apparatu gener high albedo ice la field sj strehlow dg duff km wiefl us patent 10,605,510 climat restor solut la field n woo eb sparrow e walsh lh smedsrud sm benson … agu fall meet 2019 restor arctic albedo rebuild ice reflect arctic la field sholtz bhattacharyya ivanova v mlaker agu fall meet abstract 2019 pa32a-06 model impact local artifici enhanc sea ice albedo arctic bhattacharyya ivanova v mlaker la field agu fall meet abstract 2019 gc33f-1444 gener deploy ice modifi optic properti la field sj strehlow dg duff km wiefl us patent 10,436,492 get latest arctic ice work email subscrib unsubscrib updat prefer time arctic ice project po box 5807 redwood citi ca 94063 ein 264434262 copyright 2023 • arctic ice project",Science&Education
print version blog kind social media tool allow one share idea authent audienc engag audienc convers blog look someth like journal seri “ post ” appear blog revers chronolog order newest post top older post blog address number topic travel food parent polit written singl author group writer typic blog softwar easi use also flexibl enough allow custom style structur although peopl often think social media space non-academ interact blog help tool instructor interest enhanc student ’ commun skill increas student ’ invest learn blog space inform formal write student capac blog support multipl form media imag video link help student bring creativ commun blog includ tool comment discuss enabl student engag idea convers other either within local learn commun open web student write often seen one person planet instructor make write assign feel like “ busi work ” dynam interact writer audienc blog facilit help student see real valu academ write take write serious moreov public persist natur blog help student practic integr learn find connect among person profession academ experi write blog student experi interact digit relax low-risk environ blog excel balanc rigor structur formal written assign freedom experi idea argument instructor interest teach blog face number decis incorpor blog cours three import decis teach blog dynam blog classroom onlin write environ act extens classroom make interact digit learn environ classroom clear student express expect blog work contribut cours ’ overal learn goal blog platform use learn curv educ blog use steep choos platform design interact structur mani option aris use blog make decis time consum student ’ blog public privat consid want outsid commun member comment view possibl interact cours blog also import understand rule institut determin photo blog page student write sampl releas public,Science&Education
